{
  "accuracy": 0.8601465225219727,
  "loss": 0.34910082817077637,
  "val_accuracy": 0.6442516446113586,
  "val_loss": 0.6609238386154175,
  "epoch": 34,
  "global_step": 8085
}