{
  "accuracy": 0.8541779518127441,
  "loss": 0.3581607937812805,
  "val_accuracy": 0.650759220123291,
  "val_loss": 0.6427059173583984,
  "epoch": 24,
  "global_step": 5775
}