{
  "accuracy": 0.8442756533622742,
  "loss": 0.376748263835907,
  "val_accuracy": 0.6290672421455383,
  "val_loss": 0.6959112882614136,
  "epoch": 9,
  "global_step": 2310
}