{
  "accuracy": 0.870455801486969,
  "loss": 0.3187432289123535,
  "val_accuracy": 0.7071583271026611,
  "val_loss": 0.5699640512466431,
  "epoch": 46,
  "global_step": 10857
}