{
  "accuracy": 0.869641900062561,
  "loss": 0.3144688308238983,
  "val_accuracy": 0.7136659622192383,
  "val_loss": 0.5379921793937683,
  "epoch": 42,
  "global_step": 9933
}