{
  "accuracy": 0.8593326210975647,
  "loss": 0.34691840410232544,
  "val_accuracy": 0.6648589968681335,
  "val_loss": 0.6321181058883667,
  "epoch": 26,
  "global_step": 6237
}