{
  "accuracy": 0.8510580658912659,
  "loss": 0.3618338704109192,
  "val_accuracy": 0.6339479684829712,
  "val_loss": 0.6787757873535156,
  "epoch": 18,
  "global_step": 4389
}