{
  "accuracy": 0.851736307144165,
  "loss": 0.3605336844921112,
  "val_accuracy": 0.6518438458442688,
  "val_loss": 0.6492369771003723,
  "epoch": 11,
  "global_step": 2772
}