{
  "accuracy": 0.8501085042953491,
  "loss": 0.3659746050834656,
  "val_accuracy": 0.6545553207397461,
  "val_loss": 0.6700201034545898,
  "epoch": 18,
  "global_step": 4389
}