{
  "accuracy": 0.8560770750045776,
  "loss": 0.34581875801086426,
  "val_accuracy": 0.6724511981010437,
  "val_loss": 0.6688158512115479,
  "epoch": 35,
  "global_step": 8316
}