{
  "accuracy": 0.8516006469726562,
  "loss": 0.3589235842227936,
  "val_accuracy": 0.6621475219726562,
  "val_loss": 0.6570185422897339,
  "epoch": 19,
  "global_step": 4620
}