{
  "accuracy": 0.8317959904670715,
  "loss": 0.40531638264656067,
  "val_accuracy": 0.6111713647842407,
  "val_loss": 0.6775444746017456,
  "epoch": 0,
  "global_step": 231
}