{
  "accuracy": 0.8524145483970642,
  "loss": 0.3543491065502167,
  "val_accuracy": 0.6480477452278137,
  "val_loss": 0.6767624616622925,
  "epoch": 23,
  "global_step": 5544
}