{
  "accuracy": 0.8684210777282715,
  "loss": 0.3233799636363983,
  "val_accuracy": 0.703362226486206,
  "val_loss": 0.5910124778747559,
  "epoch": 25,
  "global_step": 6006
}