{
  "accuracy": 0.8518719673156738,
  "loss": 0.3621821403503418,
  "val_accuracy": 0.6453362107276917,
  "val_loss": 0.6651558876037598,
  "epoch": 35,
  "global_step": 8316
}