{
  "accuracy": 0.858383059501648,
  "loss": 0.34550806879997253,
  "val_accuracy": 0.6513015031814575,
  "val_loss": 0.6673088669776917,
  "epoch": 35,
  "global_step": 8316
}