{
  "accuracy": 0.8609603643417358,
  "loss": 0.34697404503822327,
  "val_accuracy": 0.6496745944023132,
  "val_loss": 0.6799793243408203,
  "epoch": 44,
  "global_step": 10395
}