{
  "accuracy": 0.866386353969574,
  "loss": 0.3419470191001892,
  "val_accuracy": 0.6816703081130981,
  "val_loss": 0.6257423758506775,
  "epoch": 16,
  "global_step": 3927
}