{
  "accuracy": 0.8271839618682861,
  "loss": 0.40524575114250183,
  "val_accuracy": 0.6133405566215515,
  "val_loss": 0.7289591431617737,
  "epoch": 5,
  "global_step": 1386
}