{
  "accuracy": 0.852685809135437,
  "loss": 0.3601842224597931,
  "val_accuracy": 0.6382863521575928,
  "val_loss": 0.7013465762138367,
  "epoch": 45,
  "global_step": 10626
}