{
  "accuracy": 0.8558057546615601,
  "loss": 0.3559814691543579,
  "val_accuracy": 0.6485900282859802,
  "val_loss": 0.6687988638877869,
  "epoch": 29,
  "global_step": 6930
}