{
  "accuracy": 0.870455801486969,
  "loss": 0.3129335939884186,
  "val_accuracy": 0.6973969340324402,
  "val_loss": 0.5869469046592712,
  "epoch": 45,
  "global_step": 10626
}