{
  "accuracy": 0.8529571294784546,
  "loss": 0.3740394413471222,
  "val_accuracy": 0.6198481321334839,
  "val_loss": 0.651892900466919,
  "epoch": 4,
  "global_step": 1155
}