{
  "accuracy": 0.8571622371673584,
  "loss": 0.35454094409942627,
  "val_accuracy": 0.6540130376815796,
  "val_loss": 0.6902753114700317,
  "epoch": 24,
  "global_step": 5775
}