{
  "accuracy": 0.8722192049026489,
  "loss": 0.31344684958457947,
  "val_accuracy": 0.703362226486206,
  "val_loss": 0.5936747789382935,
  "epoch": 48,
  "global_step": 11319
}