{
  "accuracy": 0.8700488209724426,
  "loss": 0.3198547661304474,
  "val_accuracy": 0.688720166683197,
  "val_loss": 0.5945961475372314,
  "epoch": 31,
  "global_step": 7392
}