{
  "accuracy": 0.844546914100647,
  "loss": 0.3701573610305786,
  "val_accuracy": 0.6317787170410156,
  "val_loss": 0.6987139582633972,
  "epoch": 11,
  "global_step": 2772
}