{
  "accuracy": 0.8532284498214722,
  "loss": 0.3610066771507263,
  "val_accuracy": 0.6339479684829712,
  "val_loss": 0.6276081204414368,
  "epoch": 12,
  "global_step": 3003
}