{
  "accuracy": 0.8718122839927673,
  "loss": 0.31406790018081665,
  "val_accuracy": 0.7006507515907288,
  "val_loss": 0.5963366627693176,
  "epoch": 40,
  "global_step": 9471
}