{
  "accuracy": 0.8653011322021484,
  "loss": 0.3338482677936554,
  "val_accuracy": 0.7098698616027832,
  "val_loss": 0.5850397944450378,
  "epoch": 30,
  "global_step": 7161
}