{
  "accuracy": 0.865572452545166,
  "loss": 0.3346504271030426,
  "val_accuracy": 0.6838394999504089,
  "val_loss": 0.6034905314445496,
  "epoch": 23,
  "global_step": 5544
}