{
  "accuracy": 0.8718122839927673,
  "loss": 0.31373122334480286,
  "val_accuracy": 0.7109544277191162,
  "val_loss": 0.5823428630828857,
  "epoch": 46,
  "global_step": 10857
}