{
  "accuracy": 0.8651654720306396,
  "loss": 0.3308551013469696,
  "val_accuracy": 0.6675704717636108,
  "val_loss": 0.6352532505989075,
  "epoch": 28,
  "global_step": 6699
}