{
  "accuracy": 0.8657081127166748,
  "loss": 0.3247520625591278,
  "val_accuracy": 0.6865509748458862,
  "val_loss": 0.6077191233634949,
  "epoch": 23,
  "global_step": 5544
}